INFO    ,20.551758,19.543359
INFO    ,18.764648,17.750391
INFO    ,21.087891,19.364062
INFO    ,20.373047,19.005469
INFO    ,19.479492,17.033203
INFO    ,18.764648,17.033203
INFO    ,18.764648,17.750391
INFO    ,19.479492,17.033203
INFO    ,20.730469,18.288281
INFO    ,19.658203,18.646875
INFO    ,20.551758,19.543359
INFO    ,18.764648,17.750391
INFO    ,21.087891,19.364062
INFO    ,20.373047,19.005469
INFO    ,19.479492,17.033203
INFO    ,18.764648,17.033203
INFO    ,18.764648,17.750391
INFO    ,19.479492,17.033203
INFO    ,20.730469,18.288281
INFO    ,19.658203,18.646875
INFO    ,20.551758,19.543359
INFO    ,18.764648,17.750391
INFO    ,21.087891,19.364062
INFO    ,20.373047,19.005469
INFO    ,19.479492,17.033203
INFO    ,18.764648,17.033203
INFO    ,18.764648,17.750391
INFO    ,19.479492,17.033203
INFO    ,20.730469,18.288281
INFO    ,19.658203,18.646875
INFO    ,20.551758,19.543359
INFO    ,18.764648,17.750391
INFO    ,21.087891,19.364062
INFO    ,20.373047,19.005469
INFO    ,19.479492,17.033203
INFO    ,18.764648,17.033203
INFO    ,18.764648,17.750391
INFO    ,19.479492,17.033203
INFO    ,20.730469,18.288281
INFO    ,19.658203,18.646875
DEBUG   ,-2.680664,38.190234
DEBUG   ,-2.680664,38.190234
DEBUG   ,-2.680664,38.190234
DEBUG   ,-2.680664,38.190234
DEBUG   ,-2.680664,38.190234
DEBUG   ,-2.680664,38.190234
DEBUG   ,-2.680664,38.190234
DEBUG   ,-2.680664,38.190234
DEBUG   ,-2.680664,38.190234
DEBUG   ,-2.680664,38.190234
DEBUG   ,-2.680664,38.190234
DEBUG   ,0.536133,33.528516
DEBUG   ,0.536133,33.528516
DEBUG   ,0.536133,33.528516
DEBUG   ,0.536133,33.528516
DEBUG   ,0.536133,33.528516
DEBUG   ,0.536133,33.528516
DEBUG   ,0.536133,33.528516
DEBUG   ,0.536133,33.528516
DEBUG   ,0.536133,33.528516
DEBUG   ,0.536133,33.528516
DEBUG   ,1.965820,35.680078
DEBUG   ,1.965820,35.680078
DEBUG   ,1.965820,35.680078
DEBUG   ,1.965820,35.680078
DEBUG   ,1.965820,35.680078
DEBUG   ,1.965820,35.680078
DEBUG   ,1.965820,35.680078
DEBUG   ,1.965820,35.680078
DEBUG   ,1.965820,35.680078
DEBUG   ,1.965820,35.680078
DEBUG   ,1.965820,35.680078
DEBUG   ,0.000000,34.783594
DEBUG   ,0.000000,34.783594
DEBUG   ,0.000000,34.783594
DEBUG   ,0.000000,34.783594
DEBUG   ,0.000000,34.783594
DEBUG   ,0.000000,34.783594
DEBUG   ,0.000000,34.783594
DEBUG   ,0.000000,34.783594
DEBUG   ,0.000000,34.783594
DEBUG   ,0.000000,34.783594
DEBUG   ,-0.178711,36.755859
DEBUG   ,-0.178711,36.755859
DEBUG   ,-0.178711,36.755859
DEBUG   ,-0.178711,36.755859
DEBUG   ,-0.178711,36.755859
DEBUG   ,-0.178711,36.755859
DEBUG   ,-0.178711,36.755859
DEBUG   ,-0.178711,36.755859
DEBUG   ,-0.178711,36.755859
DEBUG   ,-0.178711,36.755859
DEBUG   ,-0.178711,36.755859
DEBUG   ,-0.178711,36.755859
DEBUG   ,-0.178711,36.755859
DEBUG   ,-0.178711,36.755859
DEBUG   ,-0.178711,36.755859
DEBUG   ,-0.178711,36.755859
DEBUG   ,-0.178711,36.755859
DEBUG   ,-0.178711,36.755859
DEBUG   ,-0.178711,36.755859
DEBUG   ,-0.178711,36.755859
DEBUG   ,-0.178711,36.755859
DEBUG   ,-0.178711,36.755859
DEBUG   ,-0.178711,36.755859
DEBUG   ,-0.178711,36.755859
DEBUG   ,-0.178711,36.755859
DEBUG   ,-0.178711,36.755859
DEBUG   ,-0.178711,36.755859
DEBUG   ,-0.178711,36.755859
DEBUG   ,-0.178711,36.755859
DEBUG   ,-0.178711,36.755859
DEBUG   ,-0.178711,36.755859
DEBUG   ,-10.901367,37.473047
DEBUG   ,-10.901367,37.473047
DEBUG   ,-10.901367,37.473047
DEBUG   ,-10.901367,37.473047
DEBUG   ,-10.901367,37.473047
DEBUG   ,-10.901367,37.473047
DEBUG   ,-10.901367,37.473047
DEBUG   ,-10.901367,37.473047
DEBUG   ,-10.901367,37.473047
DEBUG   ,-10.901367,37.473047
DEBUG   ,-12.152344,30.121875
DEBUG   ,-12.152344,30.121875
DEBUG   ,-12.152344,30.121875
DEBUG   ,-12.152344,30.121875
DEBUG   ,-12.152344,30.121875
DEBUG   ,-12.152344,30.121875
DEBUG   ,-12.152344,30.121875
DEBUG   ,-12.152344,30.121875
DEBUG   ,-12.152344,30.121875
DEBUG   ,-12.152344,30.121875
DEBUG   ,-12.152344,30.121875
DEBUG   ,-14.118164,27.791016
DEBUG   ,-14.118164,27.791016
DEBUG   ,-14.118164,27.791016
DEBUG   ,-14.118164,27.791016
DEBUG   ,-14.118164,27.791016
DEBUG   ,-14.118164,27.791016
DEBUG   ,-14.118164,27.791016
DEBUG   ,-14.118164,27.791016
DEBUG   ,-14.118164,27.791016
DEBUG   ,-14.118164,27.791016
DEBUG   ,-17.156250,26.894531
DEBUG   ,-17.156250,26.894531
DEBUG   ,-17.156250,26.894531
DEBUG   ,-17.156250,26.894531
DEBUG   ,-17.156250,26.894531
DEBUG   ,-17.156250,26.894531
DEBUG   ,-17.156250,26.894531
DEBUG   ,-17.156250,26.894531
DEBUG   ,-17.156250,26.894531
DEBUG   ,-17.156250,26.894531
DEBUG   ,-19.658203,27.970312
DEBUG   ,-19.658203,27.970312
DEBUG   ,-19.658203,27.970312
DEBUG   ,-19.658203,27.970312
DEBUG   ,-19.658203,27.970312
DEBUG   ,-19.658203,27.970312
DEBUG   ,-19.658203,27.970312
DEBUG   ,-19.658203,27.970312
DEBUG   ,-19.658203,27.970312
DEBUG   ,-19.658203,27.970312
DEBUG   ,-20.551758,23.129297
DEBUG   ,-20.551758,23.129297
DEBUG   ,-20.551758,23.129297
DEBUG   ,-20.551758,23.129297
DEBUG   ,-20.551758,23.129297
DEBUG   ,-20.551758,23.129297
DEBUG   ,-20.551758,23.129297
DEBUG   ,-20.551758,23.129297
DEBUG   ,-20.551758,23.129297
DEBUG   ,-20.551758,23.129297
DEBUG   ,-20.551758,23.129297
DEBUG   ,-21.266602,21.694922
DEBUG   ,-21.266602,21.694922
DEBUG   ,-21.266602,21.694922
DEBUG   ,-21.266602,21.694922
DEBUG   ,-21.266602,21.694922
DEBUG   ,-21.266602,21.694922
DEBUG   ,-21.266602,21.694922
DEBUG   ,-21.266602,21.694922
DEBUG   ,-21.266602,21.694922
DEBUG   ,-21.266602,21.694922
DEBUG   ,-21.266602,21.694922
DEBUG   ,-21.266602,21.694922
DEBUG   ,-21.266602,21.694922
DEBUG   ,-21.266602,21.694922
DEBUG   ,-21.266602,21.694922
DEBUG   ,-21.266602,21.694922
DEBUG   ,-21.266602,21.694922
DEBUG   ,-21.266602,21.694922
DEBUG   ,-21.266602,21.694922
DEBUG   ,-21.266602,21.694922
DEBUG   ,-18.407227,14.881641
DEBUG   ,-18.407227,14.881641
DEBUG   ,-18.407227,14.881641
DEBUG   ,-18.407227,14.881641
DEBUG   ,-18.407227,14.881641
DEBUG   ,-18.407227,14.881641
DEBUG   ,-18.407227,14.881641
DEBUG   ,-18.407227,14.881641
DEBUG   ,-18.407227,14.881641
DEBUG   ,-18.407227,14.881641
DEBUG   ,-18.407227,14.881641
DEBUG   ,-18.407227,12.012891
DEBUG   ,-18.407227,12.012891
DEBUG   ,-18.407227,12.012891
DEBUG   ,-18.407227,12.012891
DEBUG   ,-18.407227,12.012891
DEBUG   ,-18.407227,12.012891
DEBUG   ,-18.407227,12.012891
DEBUG   ,-18.407227,12.012891
DEBUG   ,-18.407227,12.012891
DEBUG   ,-18.407227,12.012891
DEBUG   ,-16.620117,10.219922
DEBUG   ,-16.620117,10.219922
DEBUG   ,-16.620117,10.219922
DEBUG   ,-16.620117,10.219922
DEBUG   ,-16.620117,10.219922
DEBUG   ,-16.620117,10.219922
DEBUG   ,-16.620117,10.219922
DEBUG   ,-16.620117,10.219922
DEBUG   ,-16.620117,10.219922
DEBUG   ,-16.620117,10.219922
DEBUG   ,-16.620117,10.219922
DEBUG   ,-15.369141,8.247656
DEBUG   ,-15.369141,8.247656
DEBUG   ,-15.369141,8.247656
DEBUG   ,-15.369141,8.247656
DEBUG   ,-15.369141,8.247656
DEBUG   ,-15.369141,8.247656
DEBUG   ,-15.369141,8.247656
DEBUG   ,-15.369141,8.247656
DEBUG   ,-15.369141,8.247656
DEBUG   ,-15.369141,8.247656
DEBUG   ,-15.190430,7.351172
DEBUG   ,-15.190430,7.351172
DEBUG   ,-15.190430,7.351172
DEBUG   ,-15.190430,7.351172
DEBUG   ,-15.190430,7.351172
DEBUG   ,-15.190430,7.351172
DEBUG   ,-15.190430,7.351172
DEBUG   ,-15.190430,7.351172
DEBUG   ,-15.190430,7.351172
DEBUG   ,-15.190430,7.351172
DEBUG   ,-12.867188,7.889062
DEBUG   ,-12.867188,7.889062
DEBUG   ,-12.867188,7.889062
DEBUG   ,-12.867188,7.889062
DEBUG   ,-12.867188,7.889062
DEBUG   ,-12.867188,7.889062
DEBUG   ,-12.867188,7.889062
DEBUG   ,-12.867188,7.889062
DEBUG   ,-12.867188,7.889062
DEBUG   ,-12.867188,7.889062
DEBUG   ,-12.867188,7.889062
DEBUG   ,-12.867188,7.889062
DEBUG   ,-12.867188,7.889062
DEBUG   ,-12.867188,7.889062
DEBUG   ,-12.867188,7.889062
DEBUG   ,-12.867188,7.889062
DEBUG   ,-12.867188,7.889062
DEBUG   ,-12.867188,7.889062
DEBUG   ,-12.867188,7.889062
DEBUG   ,-12.867188,7.889062
DEBUG   ,-12.867188,7.889062
DEBUG   ,-14.118164,1.255078
DEBUG   ,-14.118164,1.255078
DEBUG   ,-14.118164,1.255078
DEBUG   ,-14.118164,1.255078
DEBUG   ,-14.118164,1.255078
DEBUG   ,-14.118164,1.255078
DEBUG   ,-14.118164,1.255078
DEBUG   ,-14.118164,1.255078
DEBUG   ,-14.118164,1.255078
DEBUG   ,-14.118164,1.255078
DEBUG   ,-12.688477,0.179297
DEBUG   ,-12.688477,0.179297
DEBUG   ,-12.688477,0.179297
DEBUG   ,-12.688477,0.179297
DEBUG   ,-12.688477,0.179297
DEBUG   ,-12.688477,0.179297
DEBUG   ,-12.688477,0.179297
DEBUG   ,-12.688477,0.179297
DEBUG   ,-12.688477,0.179297
DEBUG   ,-12.688477,0.179297
DEBUG   ,-12.688477,0.179297
DEBUG   ,-14.296875,-1.075781
DEBUG   ,-14.296875,-1.075781
DEBUG   ,-14.296875,-1.075781
DEBUG   ,-14.296875,-1.075781
DEBUG   ,-14.296875,-1.075781
DEBUG   ,-14.296875,-1.075781
DEBUG   ,-14.296875,-1.075781
DEBUG   ,-14.296875,-1.075781
DEBUG   ,-14.296875,-1.075781
DEBUG   ,-14.296875,-1.075781
DEBUG   ,-15.369141,-1.075781
DEBUG   ,-15.369141,-1.075781
DEBUG   ,-15.369141,-1.075781
DEBUG   ,-15.369141,-1.075781
DEBUG   ,-15.369141,-1.075781
DEBUG   ,-15.369141,-1.075781
DEBUG   ,-15.369141,-1.075781
DEBUG   ,-15.369141,-1.075781
DEBUG   ,-15.369141,-1.075781
DEBUG   ,-15.369141,-1.075781
DEBUG   ,-11.258789,-3.048047
DEBUG   ,-11.258789,-3.048047
DEBUG   ,-11.258789,-3.048047
DEBUG   ,-11.258789,-3.048047
DEBUG   ,-11.258789,-3.048047
DEBUG   ,-11.258789,-3.048047
DEBUG   ,-11.258789,-3.048047
DEBUG   ,-11.258789,-3.048047
DEBUG   ,-11.258789,-3.048047
DEBUG   ,-11.258789,-3.048047
DEBUG   ,-11.258789,-3.048047
DEBUG   ,-9.114258,-3.765234
DEBUG   ,-9.114258,-3.765234
DEBUG   ,-9.114258,-3.765234
DEBUG   ,-9.114258,-3.765234
DEBUG   ,-9.114258,-3.765234
DEBUG   ,-9.114258,-3.765234
DEBUG   ,-9.114258,-3.765234
DEBUG   ,-9.114258,-3.765234
DEBUG   ,-9.114258,-3.765234
DEBUG   ,-9.114258,-3.765234
DEBUG   ,-5.182617,-1.613672
DEBUG   ,-5.182617,-1.613672
DEBUG   ,-5.182617,-1.613672
DEBUG   ,-5.182617,-1.613672
DEBUG   ,-5.182617,-1.613672
DEBUG   ,-5.182617,-1.613672
DEBUG   ,-5.182617,-1.613672
DEBUG   ,-5.182617,-1.613672
DEBUG   ,-5.182617,-1.613672
DEBUG   ,-5.182617,-1.613672
DEBUG   ,-4.646484,-1.075781
DEBUG   ,-4.646484,-1.075781
DEBUG   ,-4.646484,-1.075781
DEBUG   ,-4.646484,-1.075781
DEBUG   ,-4.646484,-1.075781
DEBUG   ,-4.646484,-1.075781
DEBUG   ,-4.646484,-1.075781
DEBUG   ,-4.646484,-1.075781
DEBUG   ,-4.646484,-1.075781
DEBUG   ,-4.646484,-1.075781
DEBUG   ,-4.646484,-1.075781
DEBUG   ,-4.646484,-1.075781
DEBUG   ,-4.646484,-1.075781
DEBUG   ,-4.646484,-1.075781
DEBUG   ,-4.646484,-1.075781
DEBUG   ,-4.646484,-1.075781
DEBUG   ,-4.646484,-1.075781
DEBUG   ,-4.646484,-1.075781
DEBUG   ,-4.646484,-1.075781
DEBUG   ,-4.646484,-1.075781
DEBUG   ,-4.646484,-1.075781
DEBUG   ,-0.893555,-1.255078
DEBUG   ,-0.893555,-1.255078
DEBUG   ,-0.893555,-1.255078
DEBUG   ,-0.893555,-1.255078
DEBUG   ,-0.893555,-1.255078
DEBUG   ,-0.893555,-1.255078
DEBUG   ,-0.893555,-1.255078
DEBUG   ,-0.893555,-1.255078
DEBUG   ,-0.893555,-1.255078
DEBUG   ,-0.893555,-1.255078
DEBUG   ,0.536133,-1.972266
DEBUG   ,0.536133,-1.972266
DEBUG   ,0.536133,-1.972266
DEBUG   ,0.536133,-1.972266
DEBUG   ,0.536133,-1.972266
DEBUG   ,0.536133,-1.972266
DEBUG   ,0.536133,-1.972266
DEBUG   ,0.536133,-1.972266
DEBUG   ,0.536133,-1.972266
DEBUG   ,0.536133,-1.972266
DEBUG   ,0.536133,-1.972266
DEBUG   ,-0.178711,-1.255078
DEBUG   ,-0.178711,-1.255078
DEBUG   ,-0.178711,-1.255078
DEBUG   ,-0.178711,-1.255078
DEBUG   ,-0.178711,-1.255078
DEBUG   ,-0.178711,-1.255078
DEBUG   ,-0.178711,-1.255078
DEBUG   ,-0.178711,-1.255078
DEBUG   ,-0.178711,-1.255078
DEBUG   ,-0.178711,-1.255078
DEBUG   ,1.072266,1.075781
DEBUG   ,1.072266,1.075781
DEBUG   ,1.072266,1.075781
DEBUG   ,1.072266,1.075781
DEBUG   ,1.072266,1.075781
DEBUG   ,1.072266,1.075781
DEBUG   ,1.072266,1.075781
DEBUG   ,1.072266,1.075781
DEBUG   ,1.072266,1.075781
DEBUG   ,1.072266,1.075781
DEBUG   ,2.323242,-0.179297
DEBUG   ,2.323242,-0.179297
DEBUG   ,2.323242,-0.179297
DEBUG   ,2.323242,-0.179297
DEBUG   ,2.323242,-0.179297
DEBUG   ,2.323242,-0.179297
DEBUG   ,2.323242,-0.179297
DEBUG   ,2.323242,-0.179297
DEBUG   ,2.323242,-0.179297
DEBUG   ,2.323242,-0.179297
DEBUG   ,2.323242,-0.179297
DEBUG   ,1.072266,0.358594
DEBUG   ,1.072266,0.358594
DEBUG   ,1.072266,0.358594
DEBUG   ,1.072266,0.358594
DEBUG   ,1.072266,0.358594
DEBUG   ,1.072266,0.358594
DEBUG   ,1.072266,0.358594
DEBUG   ,1.072266,0.358594
DEBUG   ,1.072266,0.358594
DEBUG   ,1.072266,0.358594
DEBUG   ,-1.608398,-3.048047
DEBUG   ,-1.608398,-3.048047
DEBUG   ,-1.608398,-3.048047
DEBUG   ,-1.608398,-3.048047
DEBUG   ,-1.608398,-3.048047
DEBUG   ,-1.608398,-3.048047
DEBUG   ,-1.608398,-3.048047
DEBUG   ,-1.608398,-3.048047
DEBUG   ,-1.608398,-3.048047
DEBUG   ,-1.608398,-3.048047
DEBUG   ,-1.608398,-3.048047
DEBUG   ,-1.608398,-3.048047
DEBUG   ,-1.608398,-3.048047
DEBUG   ,-1.608398,-3.048047
DEBUG   ,-1.608398,-3.048047
DEBUG   ,-1.608398,-3.048047
DEBUG   ,-1.608398,-3.048047
DEBUG   ,-1.608398,-3.048047
DEBUG   ,-1.608398,-3.048047
DEBUG   ,-1.608398,-3.048047
DEBUG   ,-1.608398,-3.048047
DEBUG   ,-4.289062,-3.585938
DEBUG   ,-4.289062,-3.585938
DEBUG   ,-4.289062,-3.585938
DEBUG   ,-4.289062,-3.585938
DEBUG   ,-4.289062,-3.585938
DEBUG   ,-4.289062,-3.585938
DEBUG   ,-4.289062,-3.585938
DEBUG   ,-4.289062,-3.585938
DEBUG   ,-4.289062,-3.585938
DEBUG   ,-4.289062,-3.585938
DEBUG   ,-3.752930,-3.765234
DEBUG   ,-3.752930,-3.765234
DEBUG   ,-3.752930,-3.765234
DEBUG   ,-3.752930,-3.765234
DEBUG   ,-3.752930,-3.765234
DEBUG   ,-3.752930,-3.765234
DEBUG   ,-3.752930,-3.765234
DEBUG   ,-3.752930,-3.765234
DEBUG   ,-3.752930,-3.765234
DEBUG   ,-3.752930,-3.765234
DEBUG   ,-3.038086,-4.123828
DEBUG   ,-3.038086,-4.123828
DEBUG   ,-3.038086,-4.123828
DEBUG   ,-3.038086,-4.123828
DEBUG   ,-3.038086,-4.123828
DEBUG   ,-3.038086,-4.123828
DEBUG   ,-3.038086,-4.123828
DEBUG   ,-3.038086,-4.123828
DEBUG   ,-3.038086,-4.123828
DEBUG   ,-3.038086,-4.123828
DEBUG   ,-3.038086,-4.123828
DEBUG   ,1.429688,-2.868750
DEBUG   ,1.429688,-2.868750
DEBUG   ,1.429688,-2.868750
DEBUG   ,1.429688,-2.868750
DEBUG   ,1.429688,-2.868750
DEBUG   ,1.429688,-2.868750
DEBUG   ,1.429688,-2.868750
DEBUG   ,1.429688,-2.868750
DEBUG   ,1.429688,-2.868750
DEBUG   ,1.429688,-2.868750
DEBUG   ,2.144531,-2.868750
DEBUG   ,2.144531,-2.868750
DEBUG   ,2.144531,-2.868750
DEBUG   ,2.144531,-2.868750
DEBUG   ,2.144531,-2.868750
DEBUG   ,2.144531,-2.868750
DEBUG   ,2.144531,-2.868750
DEBUG   ,2.144531,-2.868750
DEBUG   ,2.144531,-2.868750
DEBUG   ,2.144531,-2.868750
DEBUG   ,5.182617,-3.048047
DEBUG   ,5.182617,-3.048047
DEBUG   ,5.003906,-2.151562
DEBUG   ,5.003906,-2.151562
DEBUG   ,6.254883,0.179297
DEBUG   ,6.254883,0.179297
DEBUG   ,6.254883,0.179297
DEBUG   ,6.254883,0.179297
DEBUG   ,4.467773,-1.255078
DEBUG   ,4.467773,-1.255078
DEBUG   ,4.467773,-1.255078
DEBUG   ,4.467773,-1.255078
DEBUG   ,4.467773,-1.255078
DEBUG   ,4.467773,-1.255078
DEBUG   ,4.467773,-1.255078
DEBUG   ,4.467773,-1.255078
DEBUG   ,4.467773,-1.255078
DEBUG   ,4.467773,-1.255078
DEBUG   ,4.467773,-1.255078
DEBUG   ,6.076172,-0.358594
DEBUG   ,6.076172,-0.358594
DEBUG   ,4.646484,0.000000
DEBUG   ,4.646484,0.000000
DEBUG   ,4.646484,0.000000
DEBUG   ,4.646484,0.000000
DEBUG   ,4.646484,0.000000
DEBUG   ,4.646484,0.000000
DEBUG   ,4.646484,0.000000
DEBUG   ,4.646484,0.000000
DEBUG   ,4.646484,0.000000
DEBUG   ,4.646484,0.000000
DEBUG   ,5.182617,-1.255078
DEBUG   ,5.182617,-1.255078
DEBUG   ,4.646484,-0.717187
DEBUG   ,4.646484,-0.717187
DEBUG   ,4.646484,-0.717187
DEBUG   ,4.646484,-0.717187
DEBUG   ,4.646484,-0.717187
DEBUG   ,4.646484,-0.717187
DEBUG   ,4.646484,-0.717187
DEBUG   ,4.646484,-0.717187
DEBUG   ,4.646484,-0.717187
DEBUG   ,4.646484,-0.717187
DEBUG   ,6.433594,0.717187
DEBUG   ,6.433594,0.717187
DEBUG   ,8.935547,0.000000
DEBUG   ,8.935547,0.000000
DEBUG   ,13.582031,-1.075781
DEBUG   ,13.582031,-1.075781
DEBUG   ,13.582031,-1.075781
DEBUG   ,13.582031,-1.075781
DEBUG   ,13.582031,-1.075781
DEBUG   ,13.582031,-1.075781
DEBUG   ,13.582031,-1.075781
DEBUG   ,13.582031,-1.075781
DEBUG   ,13.582031,-1.075781
DEBUG   ,13.582031,-1.075781
DEBUG   ,13.582031,-1.075781
DEBUG   ,13.582031,-1.075781
DEBUG   ,13.582031,-1.075781
DEBUG   ,13.582031,-1.075781
DEBUG   ,13.582031,-1.075781
DEBUG   ,13.582031,-1.075781
DEBUG   ,13.582031,-1.075781
DEBUG   ,13.582031,-1.075781
DEBUG   ,13.582031,-1.075781
DEBUG   ,13.582031,-1.075781
DEBUG   ,13.582031,-1.075781
DEBUG   ,12.509766,-3.227344
DEBUG   ,12.509766,-3.227344
DEBUG   ,12.509766,-3.227344
DEBUG   ,12.509766,-3.227344
DEBUG   ,12.509766,-3.227344
DEBUG   ,12.509766,-3.227344
DEBUG   ,12.509766,-3.227344
DEBUG   ,12.509766,-3.227344
DEBUG   ,12.509766,-3.227344
DEBUG   ,12.509766,-3.227344
DEBUG   ,10.722656,-3.227344
DEBUG   ,10.722656,-3.227344
DEBUG   ,10.722656,-3.227344
DEBUG   ,10.722656,-3.227344
DEBUG   ,10.722656,-3.227344
DEBUG   ,10.722656,-3.227344
DEBUG   ,10.722656,-3.227344
DEBUG   ,10.722656,-3.227344
DEBUG   ,10.722656,-3.227344
DEBUG   ,10.722656,-3.227344
DEBUG   ,11.794922,-1.792969
DEBUG   ,11.794922,-1.792969
DEBUG   ,11.794922,-1.792969
DEBUG   ,11.794922,-1.792969
DEBUG   ,11.794922,-1.792969
DEBUG   ,11.794922,-1.792969
DEBUG   ,11.794922,-1.792969
DEBUG   ,11.794922,-1.792969
DEBUG   ,11.794922,-1.792969
DEBUG   ,11.794922,-1.792969
DEBUG   ,11.794922,-1.792969
DEBUG   ,14.296875,-2.868750
DEBUG   ,14.296875,-2.868750
DEBUG   ,14.296875,-2.868750
DEBUG   ,14.296875,-2.868750
DEBUG   ,14.296875,-2.868750
DEBUG   ,14.296875,-2.868750
DEBUG   ,14.296875,-2.868750
DEBUG   ,14.296875,-2.868750
DEBUG   ,14.296875,-2.868750
DEBUG   ,14.296875,-2.868750
DEBUG   ,13.403320,-2.689453
DEBUG   ,13.403320,-2.689453
DEBUG   ,13.403320,-2.689453
DEBUG   ,13.403320,-2.689453
DEBUG   ,13.403320,-2.689453
DEBUG   ,13.403320,-2.689453
DEBUG   ,13.403320,-2.689453
DEBUG   ,13.403320,-2.689453
DEBUG   ,13.403320,-2.689453
DEBUG   ,13.403320,-2.689453
DEBUG   ,13.403320,-2.689453
DEBUG   ,15.369141,-3.944531
DEBUG   ,15.369141,-3.944531
DEBUG   ,15.369141,-3.944531
DEBUG   ,15.369141,-3.944531
DEBUG   ,15.369141,-3.944531
DEBUG   ,15.369141,-3.944531
DEBUG   ,15.369141,-3.944531
DEBUG   ,15.369141,-3.944531
DEBUG   ,15.369141,-3.944531
DEBUG   ,15.369141,-3.944531
DEBUG   ,16.620117,-3.048047
DEBUG   ,16.620117,-3.048047
DEBUG   ,16.620117,-3.048047
DEBUG   ,16.620117,-3.048047
DEBUG   ,16.620117,-3.048047
DEBUG   ,16.620117,-3.048047
DEBUG   ,16.620117,-3.048047
DEBUG   ,16.620117,-3.048047
DEBUG   ,16.620117,-3.048047
DEBUG   ,16.620117,-3.048047
DEBUG   ,16.620117,-3.048047
DEBUG   ,16.620117,-3.048047
DEBUG   ,16.620117,-3.048047
DEBUG   ,16.620117,-3.048047
DEBUG   ,16.620117,-3.048047
DEBUG   ,16.620117,-3.048047
DEBUG   ,16.620117,-3.048047
DEBUG   ,16.620117,-3.048047
DEBUG   ,16.620117,-3.048047
DEBUG   ,16.620117,-3.048047
DEBUG   ,16.620117,-3.048047
DEBUG   ,17.513672,-3.227344
DEBUG   ,17.513672,-3.227344
DEBUG   ,17.513672,-3.227344
DEBUG   ,17.513672,-3.227344
DEBUG   ,17.513672,-3.227344
DEBUG   ,17.513672,-3.227344
DEBUG   ,17.513672,-3.227344
DEBUG   ,17.513672,-3.227344
DEBUG   ,17.513672,-3.227344
DEBUG   ,17.513672,-3.227344
DEBUG   ,17.513672,-3.227344
DEBUG   ,16.798828,-3.227344
DEBUG   ,16.798828,-3.227344
DEBUG   ,16.798828,-3.227344
DEBUG   ,16.798828,-3.227344
DEBUG   ,16.798828,-3.227344
DEBUG   ,16.798828,-3.227344
DEBUG   ,16.798828,-3.227344
DEBUG   ,16.798828,-3.227344
DEBUG   ,16.798828,-3.227344
DEBUG   ,16.798828,-3.227344
DEBUG   ,16.083984,-1.792969
DEBUG   ,16.083984,-1.792969
DEBUG   ,16.083984,-1.792969
DEBUG   ,16.083984,-1.792969
DEBUG   ,16.083984,-1.792969
DEBUG   ,16.083984,-1.792969
DEBUG   ,16.083984,-1.792969
DEBUG   ,16.083984,-1.792969
DEBUG   ,16.083984,-1.792969
DEBUG   ,16.083984,-1.792969
DEBUG   ,16.262695,-1.255078
DEBUG   ,16.262695,-1.255078
DEBUG   ,16.262695,-1.255078
DEBUG   ,16.262695,-1.255078
DEBUG   ,16.262695,-1.255078
DEBUG   ,16.262695,-1.255078
DEBUG   ,16.262695,-1.255078
DEBUG   ,16.262695,-1.255078
DEBUG   ,16.262695,-1.255078
DEBUG   ,16.262695,-1.255078
DEBUG   ,16.262695,-1.255078
DEBUG   ,17.334961,0.179297
DEBUG   ,17.334961,0.179297
DEBUG   ,17.334961,0.179297
DEBUG   ,17.334961,0.179297
DEBUG   ,17.334961,0.179297
DEBUG   ,17.334961,0.179297
DEBUG   ,17.334961,0.179297
DEBUG   ,17.334961,0.179297
DEBUG   ,17.334961,0.179297
DEBUG   ,17.334961,0.179297
DEBUG   ,16.441406,-1.434375
DEBUG   ,16.441406,-1.434375
DEBUG   ,16.441406,-1.434375
DEBUG   ,16.441406,-1.434375
DEBUG   ,16.441406,-1.434375
DEBUG   ,16.441406,-1.434375
DEBUG   ,16.441406,-1.434375
DEBUG   ,16.441406,-1.434375
DEBUG   ,16.441406,-1.434375
DEBUG   ,16.441406,-1.434375
DEBUG   ,16.441406,-1.434375
DEBUG   ,14.475586,-2.330859
DEBUG   ,14.475586,-2.330859
DEBUG   ,14.475586,-2.330859
DEBUG   ,14.475586,-2.330859
DEBUG   ,14.475586,-2.330859
DEBUG   ,14.475586,-2.330859
DEBUG   ,14.475586,-2.330859
DEBUG   ,14.475586,-2.330859
DEBUG   ,14.475586,-2.330859
DEBUG   ,14.475586,-2.330859
DEBUG   ,14.475586,-2.330859
DEBUG   ,14.475586,-2.330859
DEBUG   ,14.475586,-2.330859
DEBUG   ,14.475586,-2.330859
DEBUG   ,14.475586,-2.330859
DEBUG   ,14.475586,-2.330859
DEBUG   ,14.475586,-2.330859
DEBUG   ,14.475586,-2.330859
DEBUG   ,14.475586,-2.330859
DEBUG   ,14.475586,-2.330859
DEBUG   ,10.365234,-1.075781
DEBUG   ,10.365234,-1.075781
DEBUG   ,10.365234,-1.075781
DEBUG   ,10.365234,-1.075781
DEBUG   ,10.365234,-1.075781
DEBUG   ,10.365234,-1.075781
DEBUG   ,10.365234,-1.075781
DEBUG   ,10.365234,-1.075781
DEBUG   ,10.365234,-1.075781
DEBUG   ,10.365234,-1.075781
DEBUG   ,10.365234,-1.075781
DEBUG   ,10.365234,-1.792969
DEBUG   ,10.365234,-1.792969
DEBUG   ,10.365234,-1.792969
DEBUG   ,10.365234,-1.792969
DEBUG   ,10.365234,-1.792969
DEBUG   ,10.365234,-1.792969
DEBUG   ,10.365234,-1.792969
DEBUG   ,10.365234,-1.792969
DEBUG   ,10.365234,-1.792969
DEBUG   ,10.365234,-1.792969
DEBUG   ,10.901367,-1.255078
DEBUG   ,10.901367,-1.255078
DEBUG   ,10.901367,-1.255078
DEBUG   ,10.901367,-1.255078
DEBUG   ,10.901367,-1.255078
DEBUG   ,10.901367,-1.255078
DEBUG   ,10.901367,-1.255078
DEBUG   ,10.901367,-1.255078
DEBUG   ,10.901367,-1.255078
DEBUG   ,10.901367,-1.255078
DEBUG   ,10.901367,-1.255078
DEBUG   ,12.509766,-0.717187
DEBUG   ,12.509766,-0.717187
DEBUG   ,12.509766,-0.717187
DEBUG   ,12.509766,-0.717187
DEBUG   ,12.509766,-0.717187
DEBUG   ,12.509766,-0.717187
DEBUG   ,12.509766,-0.717187
DEBUG   ,12.509766,-0.717187
DEBUG   ,12.509766,-0.717187
DEBUG   ,12.509766,-0.717187
DEBUG   ,13.760742,-1.255078
DEBUG   ,13.760742,-1.255078
DEBUG   ,13.760742,-1.255078
DEBUG   ,13.760742,-1.255078
DEBUG   ,13.760742,-1.255078
DEBUG   ,13.760742,-1.255078
DEBUG   ,13.760742,-1.255078
DEBUG   ,13.760742,-1.255078
DEBUG   ,13.760742,-1.255078
DEBUG   ,13.760742,-1.255078
DEBUG   ,15.547852,-0.537891
DEBUG   ,15.547852,-0.537891
DEBUG   ,15.547852,-0.537891
DEBUG   ,15.547852,-0.537891
DEBUG   ,15.547852,-0.537891
DEBUG   ,15.547852,-0.537891
DEBUG   ,15.547852,-0.537891
DEBUG   ,15.547852,-0.537891
DEBUG   ,15.547852,-0.537891
DEBUG   ,15.547852,-0.537891
DEBUG   ,15.547852,-0.537891
DEBUG   ,16.262695,-0.896484
DEBUG   ,16.262695,-0.896484
DEBUG   ,16.262695,-0.896484
DEBUG   ,16.262695,-0.896484
DEBUG   ,16.262695,-0.896484
DEBUG   ,16.262695,-0.896484
DEBUG   ,16.262695,-0.896484
DEBUG   ,16.262695,-0.896484
DEBUG   ,16.262695,-0.896484
DEBUG   ,16.262695,-0.896484
DEBUG   ,16.441406,-2.510156
DEBUG   ,16.441406,-2.510156
DEBUG   ,16.441406,-2.510156
DEBUG   ,16.441406,-2.510156
DEBUG   ,16.441406,-2.510156
DEBUG   ,16.441406,-2.510156
DEBUG   ,16.441406,-2.510156
DEBUG   ,16.441406,-2.510156
DEBUG   ,16.441406,-2.510156
DEBUG   ,16.441406,-2.510156
DEBUG   ,16.441406,-2.510156
DEBUG   ,16.441406,-2.510156
DEBUG   ,16.441406,-2.510156
DEBUG   ,16.441406,-2.510156
DEBUG   ,16.441406,-2.510156
DEBUG   ,16.441406,-2.510156
DEBUG   ,16.441406,-2.510156
DEBUG   ,16.441406,-2.510156
DEBUG   ,16.441406,-2.510156
DEBUG   ,16.441406,-2.510156
DEBUG   ,14.654297,0.358594
DEBUG   ,14.654297,0.358594
DEBUG   ,14.654297,0.358594
DEBUG   ,14.654297,0.358594
DEBUG   ,14.654297,0.358594
DEBUG   ,14.654297,0.358594
DEBUG   ,14.654297,0.358594
DEBUG   ,14.654297,0.358594
DEBUG   ,14.654297,0.358594
DEBUG   ,14.654297,0.358594
DEBUG   ,14.654297,0.358594
DEBUG   ,15.726562,1.075781
DEBUG   ,15.726562,1.075781
DEBUG   ,15.726562,1.075781
DEBUG   ,15.726562,1.075781
DEBUG   ,15.726562,1.075781
DEBUG   ,15.726562,1.075781
DEBUG   ,15.726562,1.075781
DEBUG   ,15.726562,1.075781
DEBUG   ,15.726562,1.075781
DEBUG   ,15.726562,1.075781
DEBUG   ,15.905273,0.537891
DEBUG   ,15.905273,0.537891
DEBUG   ,15.905273,0.537891
DEBUG   ,15.905273,0.537891
DEBUG   ,15.905273,0.537891
DEBUG   ,15.905273,0.537891
DEBUG   ,15.905273,0.537891
DEBUG   ,15.905273,0.537891
DEBUG   ,15.905273,0.537891
DEBUG   ,15.905273,0.537891
DEBUG   ,15.905273,0.537891
DEBUG   ,13.939453,-0.717187
DEBUG   ,13.939453,-0.717187
DEBUG   ,13.939453,-0.717187
DEBUG   ,13.939453,-0.717187
DEBUG   ,13.939453,-0.717187
DEBUG   ,13.939453,-0.717187
DEBUG   ,13.939453,-0.717187
DEBUG   ,13.939453,-0.717187
DEBUG   ,13.939453,-0.717187
DEBUG   ,13.939453,-0.717187
DEBUG   ,13.939453,-0.358594
DEBUG   ,13.939453,-0.358594
DEBUG   ,13.939453,-0.358594
DEBUG   ,13.939453,-0.358594
DEBUG   ,13.939453,-0.358594
DEBUG   ,13.939453,-0.358594
DEBUG   ,13.939453,-0.358594
DEBUG   ,13.939453,-0.358594
DEBUG   ,13.939453,-0.358594
DEBUG   ,13.939453,-0.358594
DEBUG   ,9.471680,-1.972266
DEBUG   ,9.471680,-1.972266
DEBUG   ,8.756836,-2.689453
DEBUG   ,8.756836,-2.689453
DEBUG   ,6.433594,-3.585938
DEBUG   ,6.433594,-3.585938
DEBUG   ,6.433594,-3.585938
DEBUG   ,6.433594,-3.585938
DEBUG   ,6.433594,-3.585938
DEBUG   ,6.433594,-3.585938
DEBUG   ,6.433594,-3.585938
DEBUG   ,10.365234,-4.661719
DEBUG   ,10.365234,-4.661719
DEBUG   ,9.292969,-5.378906
DEBUG   ,9.292969,-5.378906
DEBUG   ,8.935547,-2.868750
DEBUG   ,8.935547,-2.868750
DEBUG   ,8.756836,-1.255078
DEBUG   ,8.756836,-1.255078
DEBUG   ,9.114258,-1.972266
DEBUG   ,7.505859,-1.792969
DEBUG   ,7.505859,-1.792969
DEBUG   ,7.863281,-1.792969
DEBUG   ,7.863281,-1.792969
DEBUG   ,7.863281,-1.792969
DEBUG   ,7.863281,-1.792969
DEBUG   ,3.574219,-2.510156
DEBUG   ,3.574219,-2.510156
DEBUG   ,3.574219,-2.510156
DEBUG   ,3.574219,-2.510156
DEBUG   ,3.574219,-2.510156
DEBUG   ,3.574219,-2.510156
DEBUG   ,3.574219,-2.510156
DEBUG   ,3.574219,-2.510156
DEBUG   ,3.574219,-2.510156
DEBUG   ,3.574219,-2.510156
DEBUG   ,3.574219,-2.510156
DEBUG   ,7.684570,-3.765234
DEBUG   ,7.684570,-3.765234
DEBUG   ,8.578125,-3.585938
DEBUG   ,8.578125,-3.585938
DEBUG   ,9.650391,-4.661719
DEBUG   ,9.650391,-4.661719
DEBUG   ,10.007812,-3.944531
DEBUG   ,10.007812,-3.944531
DEBUG   ,9.114258,-1.255078
DEBUG   ,9.114258,-1.255078
DEBUG   ,8.220703,-1.434375
DEBUG   ,8.220703,-1.434375
DEBUG   ,9.829102,-0.537891
DEBUG   ,9.829102,-0.537891
DEBUG   ,9.829102,-0.537891
DEBUG   ,9.829102,-0.537891
DEBUG   ,9.829102,-0.537891
DEBUG   ,9.829102,-0.537891
DEBUG   ,9.829102,-0.537891
DEBUG   ,9.829102,-0.537891
DEBUG   ,9.829102,-0.537891
DEBUG   ,9.829102,-0.537891
DEBUG   ,9.829102,-0.537891
DEBUG   ,9.829102,-0.537891
DEBUG   ,9.829102,-0.537891
DEBUG   ,9.829102,-0.537891
DEBUG   ,9.829102,-0.537891
DEBUG   ,9.829102,-0.537891
DEBUG   ,9.829102,-0.537891
DEBUG   ,9.829102,-0.537891
DEBUG   ,9.829102,-0.537891
DEBUG   ,9.829102,-0.537891
DEBUG   ,9.829102,-0.537891
DEBUG   ,6.612305,-1.972266
DEBUG   ,6.612305,-1.972266
DEBUG   ,10.543945,-1.255078
DEBUG   ,10.543945,-1.255078
DEBUG   ,10.543945,-1.255078
DEBUG   ,10.543945,-1.255078
DEBUG   ,10.543945,-1.255078
DEBUG   ,10.543945,-1.255078
DEBUG   ,10.543945,-1.255078
DEBUG   ,10.543945,-1.255078
DEBUG   ,10.543945,-1.255078
DEBUG   ,10.543945,-1.255078
DEBUG   ,9.292969,-0.717187
DEBUG   ,9.292969,-0.717187
DEBUG   ,7.148438,-1.792969
DEBUG   ,7.148438,-1.792969
DEBUG   ,5.361328,-3.585938
DEBUG   ,5.361328,-3.585938
DEBUG   ,3.931641,-2.510156
DEBUG   ,3.931641,-2.510156
DEBUG   ,3.931641,-2.510156
DEBUG   ,3.931641,-2.510156
DEBUG   ,3.931641,-2.510156
DEBUG   ,3.931641,-2.510156
DEBUG   ,3.931641,-2.510156
DEBUG   ,3.931641,-2.510156
DEBUG   ,3.931641,-2.510156
DEBUG   ,3.931641,-2.510156
DEBUG   ,3.931641,-2.510156
DEBUG   ,4.289062,-2.868750
DEBUG   ,4.289062,-2.868750
DEBUG   ,4.289062,-2.868750
DEBUG   ,4.289062,-2.868750
DEBUG   ,4.289062,-2.868750
DEBUG   ,4.289062,-2.868750
DEBUG   ,4.289062,-2.868750
DEBUG   ,4.289062,-2.868750
DEBUG   ,4.289062,-2.868750
DEBUG   ,4.289062,-2.868750
DEBUG   ,4.289062,-2.868750
DEBUG   ,4.289062,-2.868750
DEBUG   ,4.289062,-2.868750
DEBUG   ,4.289062,-2.868750
DEBUG   ,4.289062,-2.868750
DEBUG   ,4.289062,-2.868750
DEBUG   ,4.289062,-2.868750
DEBUG   ,4.289062,-2.868750
DEBUG   ,4.289062,-2.868750
DEBUG   ,4.289062,-2.868750
DEBUG   ,4.289062,-2.868750
DEBUG   ,9.471680,-4.123828
DEBUG   ,9.471680,-4.123828
DEBUG   ,8.220703,-2.868750
DEBUG   ,8.220703,-2.868750
DEBUG   ,6.969727,-3.048047
DEBUG   ,6.969727,-3.048047
DEBUG   ,4.289062,-2.151562
DEBUG   ,4.289062,-2.151562
DEBUG   ,4.289062,-2.151562
DEBUG   ,4.289062,-2.151562
DEBUG   ,4.289062,-2.151562
DEBUG   ,4.289062,-2.151562
DEBUG   ,4.289062,-2.151562
DEBUG   ,4.289062,-2.151562
DEBUG   ,4.289062,-2.151562
DEBUG   ,4.289062,-2.151562
DEBUG   ,7.863281,-3.944531
DEBUG   ,7.863281,-3.944531
DEBUG   ,7.148438,-5.737500
DEBUG   ,7.148438,-5.737500
DEBUG   ,6.791016,-5.378906
DEBUG   ,6.791016,-5.378906
DEBUG   ,6.791016,-5.378906
DEBUG   ,7.505859,-5.378906
DEBUG   ,7.505859,-5.378906
DEBUG   ,7.505859,-5.378906
DEBUG   ,7.863281,-1.792969
DEBUG   ,7.863281,-1.792969
DEBUG   ,6.612305,-3.048047
DEBUG   ,6.612305,-3.048047
DEBUG   ,6.612305,-3.048047
DEBUG   ,4.110352,-3.048047
DEBUG   ,4.110352,-3.048047
DEBUG   ,4.110352,-3.048047
DEBUG   ,4.110352,-3.048047
DEBUG   ,4.110352,-3.048047
DEBUG   ,4.110352,-3.048047
DEBUG   ,4.825195,-4.841016
DEBUG   ,4.825195,-4.841016
DEBUG   ,1.429688,-3.944531
DEBUG   ,1.429688,-3.944531
DEBUG   ,1.429688,-3.944531
DEBUG   ,1.429688,-3.944531
DEBUG   ,1.429688,-3.944531
DEBUG   ,1.429688,-3.944531
DEBUG   ,1.429688,-3.944531
DEBUG   ,1.429688,-3.944531
DEBUG   ,1.429688,-3.944531
DEBUG   ,1.429688,-3.944531
DEBUG   ,2.501953,-5.737500
DEBUG   ,2.501953,-5.737500
DEBUG   ,2.501953,-5.737500
DEBUG   ,2.501953,-5.737500
DEBUG   ,2.501953,-5.737500
DEBUG   ,2.501953,-5.737500
DEBUG   ,2.501953,-5.737500
DEBUG   ,2.501953,-5.737500
DEBUG   ,2.501953,-5.737500
DEBUG   ,2.501953,-5.737500
DEBUG   ,2.501953,-5.737500
DEBUG   ,7.863281,-2.868750
DEBUG   ,7.863281,-2.868750
DEBUG   ,7.863281,-2.868750
DEBUG   ,7.863281,-2.868750
DEBUG   ,5.003906,-3.944531
DEBUG   ,5.003906,-3.944531
DEBUG   ,3.752930,-3.406641
DEBUG   ,3.752930,-3.406641
DEBUG   ,3.752930,-3.406641
DEBUG   ,3.752930,-3.406641
DEBUG   ,3.752930,-3.406641
DEBUG   ,3.752930,-3.406641
DEBUG   ,3.752930,-3.406641
DEBUG   ,3.752930,-3.406641
DEBUG   ,3.752930,-3.406641
DEBUG   ,3.752930,-3.406641
DEBUG   ,-0.536133,-4.482422
DEBUG   ,-0.536133,-4.482422
DEBUG   ,-0.536133,-4.482422
DEBUG   ,-0.536133,-4.482422
DEBUG   ,-0.536133,-4.482422
DEBUG   ,-0.536133,-4.482422
DEBUG   ,-0.536133,-4.482422
DEBUG   ,-0.536133,-4.482422
DEBUG   ,-0.536133,-4.482422
DEBUG   ,-0.536133,-4.482422
DEBUG   ,-0.536133,-4.482422
DEBUG   ,0.357422,-4.661719
DEBUG   ,0.357422,-4.661719
DEBUG   ,0.357422,-4.661719
DEBUG   ,0.357422,-4.661719
DEBUG   ,0.357422,-4.661719
DEBUG   ,0.357422,-4.661719
DEBUG   ,0.357422,-4.661719
DEBUG   ,0.357422,-4.661719
DEBUG   ,0.357422,-4.661719
DEBUG   ,0.357422,-4.661719
DEBUG   ,1.250977,-3.765234
DEBUG   ,1.250977,-3.765234
DEBUG   ,1.250977,-3.765234
DEBUG   ,1.250977,-3.765234
DEBUG   ,1.250977,-3.765234
DEBUG   ,1.250977,-3.765234
DEBUG   ,1.250977,-3.765234
DEBUG   ,1.250977,-3.765234
DEBUG   ,1.250977,-3.765234
DEBUG   ,1.250977,-3.765234
DEBUG   ,1.965820,-5.199609
DEBUG   ,1.965820,-5.199609
DEBUG   ,1.965820,-5.199609
DEBUG   ,1.965820,-5.199609
DEBUG   ,1.965820,-5.199609
DEBUG   ,1.965820,-5.199609
DEBUG   ,1.965820,-5.199609
DEBUG   ,1.965820,-5.199609
DEBUG   ,1.965820,-5.199609
DEBUG   ,1.965820,-5.199609
DEBUG   ,2.501953,-5.737500
DEBUG   ,2.501953,-5.737500
DEBUG   ,2.501953,-5.737500
DEBUG   ,2.501953,-5.737500
DEBUG   ,2.501953,-5.737500
DEBUG   ,2.501953,-5.737500
DEBUG   ,2.501953,-5.737500
DEBUG   ,2.501953,-5.737500
DEBUG   ,2.501953,-5.737500
DEBUG   ,2.501953,-5.737500
DEBUG   ,2.501953,-5.737500
DEBUG   ,5.540039,-4.123828
DEBUG   ,5.540039,-4.123828
DEBUG   ,5.540039,-4.123828
DEBUG   ,5.540039,-4.123828
DEBUG   ,5.897461,-4.123828
DEBUG   ,5.897461,-4.123828
DEBUG   ,4.289062,-3.585938
DEBUG   ,4.289062,-3.585938
DEBUG   ,4.289062,-3.585938
DEBUG   ,4.289062,-3.585938
DEBUG   ,4.289062,-3.585938
DEBUG   ,4.289062,-3.585938
DEBUG   ,4.289062,-3.585938
DEBUG   ,4.289062,-3.585938
DEBUG   ,4.289062,-3.585938
DEBUG   ,4.289062,-3.585938
DEBUG   ,1.608398,-3.048047
DEBUG   ,1.608398,-3.048047
DEBUG   ,1.608398,-3.048047
DEBUG   ,1.608398,-3.048047
DEBUG   ,1.608398,-3.048047
DEBUG   ,1.608398,-3.048047
DEBUG   ,1.608398,-3.048047
DEBUG   ,1.608398,-3.048047
DEBUG   ,1.608398,-3.048047
DEBUG   ,1.608398,-3.048047
DEBUG   ,1.608398,-3.048047
DEBUG   ,1.608398,-3.048047
DEBUG   ,1.608398,-3.048047
DEBUG   ,1.608398,-3.048047
DEBUG   ,1.608398,-3.048047
DEBUG   ,1.608398,-3.048047
DEBUG   ,1.608398,-3.048047
DEBUG   ,1.608398,-3.048047
DEBUG   ,1.608398,-3.048047
DEBUG   ,1.608398,-3.048047
DEBUG   ,1.608398,-3.048047
DEBUG   ,0.714844,-3.227344
DEBUG   ,0.714844,-3.227344
DEBUG   ,0.714844,-3.227344
DEBUG   ,0.714844,-3.227344
DEBUG   ,0.714844,-3.227344
DEBUG   ,0.714844,-3.227344
DEBUG   ,0.714844,-3.227344
DEBUG   ,0.714844,-3.227344
DEBUG   ,0.714844,-3.227344
DEBUG   ,0.714844,-3.227344
DEBUG   ,2.680664,-3.048047
DEBUG   ,2.680664,-3.048047
DEBUG   ,2.680664,-3.048047
DEBUG   ,2.680664,-3.048047
DEBUG   ,2.680664,-3.048047
DEBUG   ,2.680664,-3.048047
DEBUG   ,2.680664,-3.048047
DEBUG   ,2.680664,-3.048047
DEBUG   ,2.680664,-3.048047
DEBUG   ,2.680664,-3.048047
DEBUG   ,2.680664,-3.048047
DEBUG   ,5.361328,-5.020313
DEBUG   ,5.361328,-5.020313
DEBUG   ,3.216797,-5.020313
DEBUG   ,3.216797,-5.020313
DEBUG   ,3.216797,-5.020313
DEBUG   ,3.216797,-5.020313
DEBUG   ,3.216797,-5.020313
DEBUG   ,3.216797,-5.020313
DEBUG   ,3.216797,-5.020313
DEBUG   ,3.216797,-5.020313
DEBUG   ,3.216797,-5.020313
DEBUG   ,3.216797,-5.020313
DEBUG   ,3.216797,-5.020313
DEBUG   ,3.216797,-5.020313
DEBUG   ,3.216797,-5.020313
DEBUG   ,3.216797,-5.020313
DEBUG   ,3.216797,-5.020313
DEBUG   ,3.216797,-5.020313
DEBUG   ,3.216797,-5.020313
DEBUG   ,3.216797,-5.020313
DEBUG   ,3.216797,-5.020313
DEBUG   ,3.216797,-5.020313
DEBUG   ,9.650391,-3.944531
DEBUG   ,9.650391,-3.944531
DEBUG   ,8.041992,-4.482422
DEBUG   ,8.041992,-4.482422
DEBUG   ,8.041992,-2.689453
DEBUG   ,8.041992,-2.689453
DEBUG   ,7.505859,-1.434375
DEBUG   ,7.505859,-1.434375
DEBUG   ,8.935547,-0.358594
DEBUG   ,8.935547,-0.358594
DEBUG   ,7.863281,-0.358594
DEBUG   ,7.863281,-0.358594
DEBUG   ,6.969727,-3.048047
DEBUG   ,6.969727,-3.048047
DEBUG   ,3.574219,-4.661719
DEBUG   ,3.574219,-4.661719
DEBUG   ,3.574219,-4.661719
DEBUG   ,3.574219,-4.661719
DEBUG   ,3.574219,-4.661719
DEBUG   ,3.574219,-4.661719
DEBUG   ,3.574219,-4.661719
DEBUG   ,3.574219,-4.661719
DEBUG   ,3.574219,-4.661719
DEBUG   ,3.574219,-4.661719
DEBUG   ,3.574219,-4.661719
DEBUG   ,7.863281,-3.944531
DEBUG   ,7.863281,-3.944531
DEBUG   ,7.863281,-3.944531
DEBUG   ,7.863281,-3.944531
DEBUG   ,2.680664,-1.972266
DEBUG   ,2.680664,-1.972266
DEBUG   ,2.680664,-1.972266
DEBUG   ,2.680664,-1.972266
DEBUG   ,2.680664,-1.972266
DEBUG   ,2.680664,-1.972266
DEBUG   ,2.680664,-1.972266
DEBUG   ,2.680664,-1.972266
DEBUG   ,2.680664,-1.972266
DEBUG   ,8.935547,-3.585938
DEBUG   ,8.935547,-3.585938
DEBUG   ,5.718750,-1.075781
DEBUG   ,5.718750,-1.075781
DEBUG   ,2.680664,-3.765234
DEBUG   ,2.680664,-3.765234
DEBUG   ,2.680664,-3.765234
DEBUG   ,2.680664,-3.765234
DEBUG   ,2.680664,-3.765234
DEBUG   ,2.680664,-3.765234
DEBUG   ,2.680664,-3.765234
DEBUG   ,2.680664,-3.765234
DEBUG   ,2.680664,-3.765234
DEBUG   ,2.680664,-3.765234
DEBUG   ,2.680664,-3.765234
DEBUG   ,8.041992,-4.123828
DEBUG   ,8.041992,-4.123828
DEBUG   ,6.076172,-1.434375
DEBUG   ,6.076172,-1.434375
DEBUG   ,3.038086,-2.330859
DEBUG   ,3.038086,-2.330859
DEBUG   ,3.038086,-2.330859
DEBUG   ,3.038086,-2.330859
DEBUG   ,3.038086,-2.330859
DEBUG   ,3.038086,-2.330859
DEBUG   ,3.038086,-2.330859
DEBUG   ,3.038086,-2.330859
DEBUG   ,3.038086,-2.330859
DEBUG   ,3.038086,-2.330859
DEBUG   ,7.327148,-4.482422
DEBUG   ,7.327148,-4.482422
DEBUG   ,7.327148,-4.482422
DEBUG   ,7.327148,-4.482422
DEBUG   ,10.007812,-3.585938
DEBUG   ,10.007812,-3.585938
DEBUG   ,11.258789,-0.179297
DEBUG   ,11.258789,-0.179297
DEBUG   ,11.258789,-0.179297
DEBUG   ,11.258789,-0.179297
DEBUG   ,11.258789,-0.179297
DEBUG   ,11.258789,-0.179297
DEBUG   ,11.258789,-0.179297
DEBUG   ,11.258789,-0.179297
DEBUG   ,11.258789,-0.179297
DEBUG   ,11.258789,-0.179297
DEBUG   ,11.258789,-0.179297
DEBUG   ,6.076172,-2.510156
DEBUG   ,6.076172,-2.510156
DEBUG   ,5.003906,-1.792969
DEBUG   ,5.003906,-1.792969
DEBUG   ,6.612305,-1.972266
DEBUG   ,6.612305,-1.972266
DEBUG   ,8.935547,-3.227344
DEBUG   ,8.935547,-3.227344
DEBUG   ,9.292969,-4.303125
DEBUG   ,9.292969,-4.303125
DEBUG   ,7.327148,-3.048047
DEBUG   ,7.327148,-3.048047
DEBUG   ,9.471680,-4.123828
DEBUG   ,9.471680,-4.123828
DEBUG   ,9.471680,-4.123828
DEBUG   ,9.471680,-4.123828
DEBUG   ,7.684570,-0.537891
DEBUG   ,7.684570,-0.537891
DEBUG   ,9.114258,-1.613672
DEBUG   ,9.114258,-1.613672
DEBUG   ,9.114258,-2.330859
DEBUG   ,9.114258,-2.330859
DEBUG   ,6.612305,-0.896484
DEBUG   ,6.612305,-0.896484
DEBUG   ,5.003906,-2.868750
DEBUG   ,5.003906,-2.868750
DEBUG   ,2.501953,-3.227344
DEBUG   ,2.501953,-3.227344
DEBUG   ,2.501953,-3.227344
DEBUG   ,2.501953,-3.227344
DEBUG   ,2.501953,-3.227344
DEBUG   ,2.501953,-3.227344
DEBUG   ,2.501953,-3.227344
DEBUG   ,2.501953,-3.227344
DEBUG   ,2.501953,-3.227344
DEBUG   ,2.501953,-3.227344
DEBUG   ,2.501953,-3.227344
DEBUG   ,10.365234,-4.661719
DEBUG   ,10.365234,-4.661719
DEBUG   ,9.471680,-5.199609
DEBUG   ,9.471680,-5.199609
DEBUG   ,9.471680,-5.199609
DEBUG   ,9.471680,-5.199609
DEBUG   ,8.041992,-1.613672
DEBUG   ,8.041992,-1.613672
DEBUG   ,9.114258,-0.179297
DEBUG   ,9.114258,-0.179297
DEBUG   ,7.505859,-2.868750
DEBUG   ,7.505859,-2.868750
DEBUG   ,6.254883,-1.613672
DEBUG   ,6.254883,-1.613672
DEBUG   ,5.718750,-1.792969
DEBUG   ,5.718750,-1.792969
DEBUG   ,4.110352,-1.972266
DEBUG   ,4.110352,-1.972266
DEBUG   ,4.110352,-1.972266
DEBUG   ,4.110352,-1.972266
DEBUG   ,4.110352,-1.972266
DEBUG   ,4.110352,-1.972266
DEBUG   ,4.110352,-1.972266
DEBUG   ,4.110352,-1.972266
DEBUG   ,4.110352,-1.972266
DEBUG   ,4.110352,-1.972266
DEBUG   ,10.007812,-4.303125
DEBUG   ,10.007812,-4.303125
DEBUG   ,5.540039,-1.972266
DEBUG   ,5.540039,-1.972266
DEBUG   ,5.540039,-1.972266
DEBUG   ,5.540039,-1.972266
DEBUG   ,5.718750,-1.434375
DEBUG   ,5.718750,-1.434375
DEBUG   ,5.540039,-1.972266
DEBUG   ,5.540039,-1.972266
DEBUG   ,9.292969,-2.868750
DEBUG   ,9.292969,-2.868750
DEBUG   ,9.292969,-2.151562
DEBUG   ,9.292969,-2.151562
DEBUG   ,9.650391,-5.737500
DEBUG   ,9.650391,-5.737500
DEBUG   ,9.114258,-2.330859
DEBUG   ,9.114258,-2.330859
DEBUG   ,8.399414,-0.179297
DEBUG   ,8.399414,-0.179297
DEBUG   ,7.505859,0.000000
DEBUG   ,7.505859,0.000000
DEBUG   ,7.505859,0.000000
DEBUG   ,7.505859,0.000000
DEBUG   ,8.578125,-1.792969
DEBUG   ,8.578125,-1.792969
DEBUG   ,6.791016,-2.151562
DEBUG   ,6.791016,-2.151562
DEBUG   ,6.254883,-2.330859
DEBUG   ,6.254883,-2.330859
DEBUG   ,4.467773,-1.972266
DEBUG   ,4.467773,-1.972266
DEBUG   ,4.467773,-1.972266
DEBUG   ,4.467773,-1.972266
DEBUG   ,4.467773,-1.972266
DEBUG   ,4.467773,-1.972266
DEBUG   ,4.467773,-1.972266
DEBUG   ,4.467773,-1.972266
DEBUG   ,4.467773,-1.972266
DEBUG   ,4.467773,-1.972266
DEBUG   ,4.467773,-1.972266
DEBUG   ,3.574219,-2.868750
DEBUG   ,3.574219,-2.868750
DEBUG   ,3.574219,-2.868750
DEBUG   ,3.574219,-2.868750
DEBUG   ,3.574219,-2.868750
DEBUG   ,3.574219,-2.868750
DEBUG   ,3.574219,-2.868750
DEBUG   ,3.574219,-2.868750
DEBUG   ,3.574219,-2.868750
DEBUG   ,3.574219,-2.868750
DEBUG   ,6.254883,-2.330859
DEBUG   ,6.254883,-2.330859
DEBUG   ,8.041992,-1.255078
DEBUG   ,8.041992,-1.255078
DEBUG   ,8.041992,-1.255078
DEBUG   ,8.041992,-1.255078
DEBUG   ,8.756836,-2.330859
DEBUG   ,8.756836,-2.330859
DEBUG   ,6.969727,-2.330859
DEBUG   ,6.969727,-2.330859
DEBUG   ,6.076172,-0.717187
DEBUG   ,6.076172,-0.717187
DEBUG   ,5.540039,-2.689453
DEBUG   ,5.540039,-2.689453
DEBUG   ,3.931641,-1.792969
DEBUG   ,3.931641,-1.792969
DEBUG   ,3.931641,-1.792969
DEBUG   ,3.931641,-1.792969
DEBUG   ,3.931641,-1.792969
DEBUG   ,3.931641,-1.792969
DEBUG   ,3.931641,-1.792969
DEBUG   ,3.931641,-1.792969
DEBUG   ,3.931641,-1.792969
DEBUG   ,3.931641,-1.792969
DEBUG   ,3.931641,-1.792969
DEBUG   ,8.578125,-5.020313
DEBUG   ,8.578125,-5.020313
DEBUG   ,8.578125,-5.020313
DEBUG   ,8.578125,-5.020313
DEBUG   ,2.323242,-1.255078
DEBUG   ,2.323242,-1.255078
DEBUG   ,2.323242,-1.255078
DEBUG   ,2.323242,-1.255078
DEBUG   ,2.323242,-1.255078
DEBUG   ,2.323242,-1.255078
DEBUG   ,2.323242,-1.255078
DEBUG   ,2.323242,-1.255078
DEBUG   ,2.323242,-1.255078
DEBUG   ,2.323242,-1.255078
DEBUG   ,9.829102,-3.765234
DEBUG   ,9.829102,-3.765234
DEBUG   ,8.756836,-3.765234
DEBUG   ,8.756836,-3.765234
DEBUG   ,9.829102,-0.896484
DEBUG   ,9.829102,-0.896484
DEBUG   ,11.258789,1.255078
DEBUG   ,11.258789,1.255078
DEBUG   ,11.258789,1.255078
DEBUG   ,11.258789,1.255078
DEBUG   ,11.258789,1.255078
DEBUG   ,11.258789,1.255078
DEBUG   ,11.258789,1.255078
DEBUG   ,11.258789,1.255078
DEBUG   ,11.258789,1.255078
DEBUG   ,11.258789,1.255078
DEBUG   ,11.258789,1.255078
DEBUG   ,8.220703,-3.585938
DEBUG   ,8.220703,-3.585938
DEBUG   ,8.399414,-1.972266
DEBUG   ,8.399414,-1.972266
DEBUG   ,8.399414,-1.972266
DEBUG   ,8.399414,-1.972266
DEBUG   ,8.399414,-1.972266
DEBUG   ,8.399414,-1.972266
DEBUG   ,11.437500,-2.868750
DEBUG   ,11.437500,-2.868750
DEBUG   ,11.437500,-2.868750
DEBUG   ,11.437500,-2.868750
DEBUG   ,11.437500,-2.868750
DEBUG   ,11.437500,-2.868750
DEBUG   ,11.437500,-2.868750
DEBUG   ,11.437500,-2.868750
DEBUG   ,11.437500,-2.868750
DEBUG   ,11.437500,-2.868750
DEBUG   ,8.756836,-0.896484
DEBUG   ,8.756836,-0.896484
DEBUG   ,5.897461,-3.048047
DEBUG   ,5.897461,-3.048047
DEBUG   ,3.038086,-2.689453
DEBUG   ,3.038086,-2.689453
DEBUG   ,3.038086,-2.689453
DEBUG   ,3.038086,-2.689453
DEBUG   ,3.038086,-2.689453
DEBUG   ,3.038086,-2.689453
DEBUG   ,3.038086,-2.689453
DEBUG   ,3.038086,-2.689453
DEBUG   ,3.038086,-2.689453
DEBUG   ,3.038086,-2.689453
DEBUG   ,8.935547,0.000000
DEBUG   ,8.935547,0.000000
DEBUG   ,9.829102,-0.179297
DEBUG   ,9.829102,-0.179297
DEBUG   ,9.829102,-0.179297
DEBUG   ,9.829102,-0.179297
DEBUG   ,9.829102,-0.179297
DEBUG   ,9.829102,-0.179297
DEBUG   ,9.829102,-0.179297
DEBUG   ,9.829102,-0.179297
DEBUG   ,9.829102,-0.179297
DEBUG   ,9.829102,-0.179297
DEBUG   ,9.829102,-0.179297
DEBUG   ,9.114258,-1.255078
DEBUG   ,9.114258,-1.255078
DEBUG   ,6.791016,-1.434375
DEBUG   ,6.791016,-1.434375
DEBUG   ,6.791016,-1.434375
DEBUG   ,6.791016,-1.434375
DEBUG   ,11.973633,-2.689453
DEBUG   ,11.973633,-2.689453
DEBUG   ,11.973633,-2.689453
DEBUG   ,11.973633,-2.689453
DEBUG   ,11.973633,-2.689453
DEBUG   ,11.973633,-2.689453
DEBUG   ,11.973633,-2.689453
DEBUG   ,11.973633,-2.689453
DEBUG   ,11.973633,-2.689453
DEBUG   ,11.973633,-2.689453
DEBUG   ,10.543945,0.537891
DEBUG   ,10.543945,0.537891
DEBUG   ,10.543945,0.537891
DEBUG   ,10.543945,0.537891
DEBUG   ,10.543945,0.537891
DEBUG   ,10.543945,0.537891
DEBUG   ,10.543945,0.537891
DEBUG   ,10.543945,0.537891
DEBUG   ,10.543945,0.537891
DEBUG   ,10.543945,0.537891
DEBUG   ,13.403320,0.537891
DEBUG   ,13.403320,0.537891
DEBUG   ,13.403320,0.537891
DEBUG   ,13.403320,0.537891
DEBUG   ,13.403320,0.537891
DEBUG   ,13.403320,0.537891
DEBUG   ,13.403320,0.537891
DEBUG   ,13.403320,0.537891
DEBUG   ,13.403320,0.537891
DEBUG   ,13.403320,0.537891
DEBUG   ,10.007812,0.000000
DEBUG   ,10.007812,0.000000
DEBUG   ,10.007812,0.000000
DEBUG   ,10.007812,0.000000
DEBUG   ,10.007812,0.000000
DEBUG   ,10.007812,0.000000
DEBUG   ,10.007812,0.000000
DEBUG   ,10.007812,0.000000
DEBUG   ,10.007812,0.000000
DEBUG   ,10.007812,0.000000
DEBUG   ,10.007812,0.000000
DEBUG   ,7.684570,-1.613672
DEBUG   ,7.684570,-1.613672
DEBUG   ,13.939453,-4.303125
DEBUG   ,13.939453,-4.303125
DEBUG   ,13.939453,-4.303125
DEBUG   ,13.939453,-4.303125
DEBUG   ,13.939453,-4.303125
DEBUG   ,13.939453,-4.303125
DEBUG   ,13.939453,-4.303125
DEBUG   ,13.939453,-4.303125
DEBUG   ,13.939453,-4.303125
DEBUG   ,13.939453,-4.303125
DEBUG   ,15.547852,-2.689453
DEBUG   ,15.547852,-2.689453
DEBUG   ,15.547852,-2.689453
DEBUG   ,15.547852,-2.689453
DEBUG   ,15.547852,-2.689453
DEBUG   ,15.547852,-2.689453
DEBUG   ,15.547852,-2.689453
DEBUG   ,15.547852,-2.689453
DEBUG   ,15.547852,-2.689453
DEBUG   ,15.547852,-2.689453
DEBUG   ,15.547852,-2.689453
DEBUG   ,13.939453,-2.510156
DEBUG   ,13.939453,-2.510156
DEBUG   ,13.939453,-2.510156
DEBUG   ,13.939453,-2.510156
DEBUG   ,13.939453,-2.510156
DEBUG   ,13.939453,-2.510156
DEBUG   ,13.939453,-2.510156
DEBUG   ,13.939453,-2.510156
DEBUG   ,13.939453,-2.510156
DEBUG   ,13.939453,-2.510156
DEBUG   ,13.939453,-2.510156
DEBUG   ,13.939453,-2.510156
DEBUG   ,13.939453,-2.510156
DEBUG   ,13.939453,-2.510156
DEBUG   ,13.939453,-2.510156
DEBUG   ,13.939453,-2.510156
DEBUG   ,13.939453,-2.510156
DEBUG   ,13.939453,-2.510156
DEBUG   ,13.939453,-2.510156
DEBUG   ,13.939453,-2.510156
DEBUG   ,15.011719,-1.075781
DEBUG   ,15.011719,-1.075781
DEBUG   ,15.011719,-1.075781
DEBUG   ,15.011719,-1.075781
DEBUG   ,15.011719,-1.075781
DEBUG   ,15.011719,-1.075781
DEBUG   ,15.011719,-1.075781
DEBUG   ,15.011719,-1.075781
DEBUG   ,15.011719,-1.075781
DEBUG   ,15.011719,-1.075781
DEBUG   ,15.011719,-1.075781
DEBUG   ,13.760742,-1.613672
DEBUG   ,13.760742,-1.613672
DEBUG   ,13.760742,-1.613672
DEBUG   ,13.760742,-1.613672
DEBUG   ,13.760742,-1.613672
DEBUG   ,13.760742,-1.613672
DEBUG   ,13.760742,-1.613672
DEBUG   ,13.760742,-1.613672
DEBUG   ,13.760742,-1.613672
DEBUG   ,13.760742,-1.613672
DEBUG   ,13.403320,0.896484
DEBUG   ,13.403320,0.896484
DEBUG   ,13.403320,0.896484
DEBUG   ,13.403320,0.896484
DEBUG   ,13.403320,0.896484
DEBUG   ,13.403320,0.896484
DEBUG   ,13.403320,0.896484
DEBUG   ,13.403320,0.896484
DEBUG   ,13.403320,0.896484
DEBUG   ,13.403320,0.896484
DEBUG   ,13.403320,0.896484
DEBUG   ,12.152344,-1.792969
DEBUG   ,12.152344,-1.792969
DEBUG   ,12.152344,-1.792969
DEBUG   ,12.152344,-1.792969
DEBUG   ,12.152344,-1.792969
DEBUG   ,12.152344,-1.792969
DEBUG   ,12.152344,-1.792969
DEBUG   ,12.152344,-1.792969
DEBUG   ,12.152344,-1.792969
DEBUG   ,12.152344,-1.792969
DEBUG   ,9.292969,-1.792969
DEBUG   ,9.292969,-1.792969
DEBUG   ,15.547852,-2.330859
DEBUG   ,15.547852,-2.330859
DEBUG   ,15.547852,-2.330859
DEBUG   ,15.547852,-2.330859
DEBUG   ,15.547852,-2.330859
DEBUG   ,15.547852,-2.330859
DEBUG   ,15.547852,-2.330859
DEBUG   ,15.547852,-2.330859
DEBUG   ,15.547852,-2.330859
DEBUG   ,15.547852,-2.330859
DEBUG   ,15.547852,-2.330859
DEBUG   ,15.547852,-2.330859
DEBUG   ,15.547852,-2.330859
DEBUG   ,15.547852,-2.330859
DEBUG   ,15.547852,-2.330859
DEBUG   ,15.547852,-2.330859
DEBUG   ,15.547852,-2.330859
DEBUG   ,15.547852,-2.330859
DEBUG   ,15.547852,-2.330859
DEBUG   ,15.547852,-2.330859
DEBUG   ,15.547852,-2.330859
DEBUG   ,11.437500,-1.434375
DEBUG   ,11.437500,-1.434375
DEBUG   ,11.437500,-1.434375
DEBUG   ,11.437500,-1.434375
DEBUG   ,11.437500,-1.434375
DEBUG   ,11.437500,-1.434375
DEBUG   ,11.437500,-1.434375
DEBUG   ,11.437500,-1.434375
DEBUG   ,11.437500,-1.434375
DEBUG   ,11.437500,-1.434375
DEBUG   ,9.114258,-3.048047
DEBUG   ,9.114258,-3.048047
DEBUG   ,9.114258,-1.255078
DEBUG   ,9.114258,-1.255078
DEBUG   ,11.258789,-0.896484
DEBUG   ,11.258789,-0.896484
DEBUG   ,11.258789,-0.896484
DEBUG   ,11.258789,-0.896484
DEBUG   ,11.258789,-0.896484
DEBUG   ,11.258789,-0.896484
DEBUG   ,11.258789,-0.896484
DEBUG   ,11.258789,-0.896484
DEBUG   ,11.258789,-0.896484
DEBUG   ,11.258789,-0.896484
DEBUG   ,16.083984,0.000000
DEBUG   ,16.083984,0.000000
DEBUG   ,16.083984,0.000000
DEBUG   ,16.083984,0.000000
DEBUG   ,16.083984,0.000000
DEBUG   ,16.083984,0.000000
DEBUG   ,16.083984,0.000000
DEBUG   ,16.083984,0.000000
DEBUG   ,16.083984,0.000000
DEBUG   ,16.083984,0.000000
DEBUG   ,16.083984,0.000000
DEBUG   ,14.654297,0.717187
DEBUG   ,14.654297,0.717187
DEBUG   ,14.654297,0.717187
DEBUG   ,14.654297,0.717187
DEBUG   ,14.654297,0.717187
DEBUG   ,14.654297,0.717187
DEBUG   ,14.654297,0.717187
DEBUG   ,14.654297,0.717187
DEBUG   ,14.654297,0.717187
DEBUG   ,14.654297,0.717187
DEBUG   ,14.833008,-1.255078
DEBUG   ,14.833008,-1.255078
DEBUG   ,14.833008,-1.255078
DEBUG   ,14.833008,-1.255078
DEBUG   ,14.833008,-1.255078
DEBUG   ,14.833008,-1.255078
DEBUG   ,14.833008,-1.255078
DEBUG   ,14.833008,-1.255078
DEBUG   ,14.833008,-1.255078
DEBUG   ,14.833008,-1.255078
DEBUG   ,14.833008,-1.255078
DEBUG   ,14.833008,-1.255078
DEBUG   ,14.833008,-1.255078
DEBUG   ,14.833008,-1.255078
DEBUG   ,14.833008,-1.255078
DEBUG   ,14.833008,-1.255078
DEBUG   ,14.833008,-1.255078
DEBUG   ,14.833008,-1.255078
DEBUG   ,14.833008,-1.255078
DEBUG   ,14.833008,-1.255078
DEBUG   ,14.833008,-1.255078
DEBUG   ,14.833008,-1.255078
DEBUG   ,14.833008,-1.255078
DEBUG   ,14.833008,-1.255078
DEBUG   ,14.833008,-1.255078
DEBUG   ,14.833008,-1.255078
DEBUG   ,14.833008,-1.255078
DEBUG   ,14.833008,-1.255078
DEBUG   ,14.833008,-1.255078
DEBUG   ,14.833008,-1.255078
DEBUG   ,14.833008,-1.255078
DEBUG   ,9.650391,-1.434375
DEBUG   ,9.650391,-1.434375
DEBUG   ,9.650391,-1.434375
DEBUG   ,16.798828,-2.510156
DEBUG   ,16.798828,-2.510156
DEBUG   ,16.798828,-2.510156
DEBUG   ,16.798828,-2.510156
DEBUG   ,16.798828,-2.510156
DEBUG   ,16.798828,-2.510156
DEBUG   ,15.011719,-3.227344
DEBUG   ,15.011719,-3.227344
DEBUG   ,15.011719,-3.227344
DEBUG   ,15.011719,-3.227344
DEBUG   ,15.011719,-3.227344
DEBUG   ,15.011719,-3.227344
DEBUG   ,15.011719,-3.227344
DEBUG   ,15.011719,-3.227344
DEBUG   ,15.011719,-3.227344
DEBUG   ,15.011719,-3.227344
DEBUG   ,14.654297,-1.434375
DEBUG   ,14.654297,-1.434375
DEBUG   ,14.654297,-1.434375
DEBUG   ,14.654297,-1.434375
DEBUG   ,14.654297,-1.434375
DEBUG   ,14.654297,-1.434375
DEBUG   ,14.654297,-1.434375
DEBUG   ,14.654297,-1.434375
DEBUG   ,14.654297,-1.434375
DEBUG   ,14.654297,-1.434375
DEBUG   ,14.654297,-1.434375
DEBUG   ,14.296875,1.434375
DEBUG   ,14.296875,1.434375
DEBUG   ,14.296875,1.434375
DEBUG   ,14.296875,1.434375
DEBUG   ,14.296875,1.434375
DEBUG   ,14.296875,1.434375
DEBUG   ,14.296875,1.434375
DEBUG   ,14.296875,1.434375
DEBUG   ,14.296875,1.434375
DEBUG   ,14.296875,1.434375
DEBUG   ,13.403320,-2.330859
DEBUG   ,13.403320,-2.330859
DEBUG   ,13.403320,-2.330859
DEBUG   ,13.403320,-2.330859
DEBUG   ,13.403320,-2.330859
DEBUG   ,13.403320,-2.330859
DEBUG   ,13.403320,-2.330859
DEBUG   ,13.403320,-2.330859
DEBUG   ,13.403320,-2.330859
DEBUG   ,13.403320,-2.330859
DEBUG   ,13.403320,-2.330859
DEBUG   ,12.509766,-3.227344
DEBUG   ,12.509766,-3.227344
DEBUG   ,12.509766,-3.227344
DEBUG   ,12.509766,-3.227344
DEBUG   ,12.509766,-3.227344
DEBUG   ,12.509766,-3.227344
DEBUG   ,12.509766,-3.227344
DEBUG   ,12.509766,-3.227344
DEBUG   ,12.509766,-3.227344
DEBUG   ,12.509766,-3.227344
DEBUG   ,10.007812,-2.868750
DEBUG   ,10.007812,-2.868750
DEBUG   ,10.007812,-2.868750
DEBUG   ,10.007812,-2.868750
DEBUG   ,13.224609,-5.378906
DEBUG   ,13.224609,-5.378906
DEBUG   ,13.224609,-5.378906
DEBUG   ,13.224609,-5.378906
DEBUG   ,13.224609,-5.378906
DEBUG   ,13.224609,-5.378906
DEBUG   ,13.224609,-5.378906
DEBUG   ,13.224609,-5.378906
DEBUG   ,13.224609,-5.378906
DEBUG   ,13.224609,-5.378906
DEBUG   ,7.684570,-2.330859
DEBUG   ,7.684570,-2.330859
DEBUG   ,7.684570,-2.330859
DEBUG   ,10.007812,-5.378906
DEBUG   ,10.007812,-5.378906
DEBUG   ,11.973633,-5.916797
DEBUG   ,11.973633,-5.916797
DEBUG   ,11.973633,-5.916797
DEBUG   ,11.973633,-5.916797
DEBUG   ,11.973633,-5.916797
DEBUG   ,11.973633,-5.916797
DEBUG   ,9.650391,-4.303125
DEBUG   ,9.650391,-4.303125
DEBUG   ,6.076172,-4.661719
DEBUG   ,6.076172,-4.661719
DEBUG   ,6.254883,-4.482422
DEBUG   ,6.254883,-4.482422
DEBUG   ,6.254883,-4.482422
DEBUG   ,6.254883,-4.482422
DEBUG   ,6.254883,-4.482422
DEBUG   ,6.254883,-4.482422
DEBUG   ,5.182617,-3.765234
DEBUG   ,5.182617,-3.765234
DEBUG   ,6.076172,-3.944531
DEBUG   ,6.076172,-3.944531
DEBUG   ,8.220703,-4.661719
DEBUG   ,8.220703,-4.661719
DEBUG   ,9.114258,-5.199609
DEBUG   ,9.114258,-5.199609
DEBUG   ,10.007812,-6.813281
DEBUG   ,10.007812,-6.813281
DEBUG   ,10.543945,-5.558203
DEBUG   ,10.543945,-5.558203
DEBUG   ,9.292969,-3.944531
DEBUG   ,9.292969,-3.944531
DEBUG   ,9.114258,-1.972266
DEBUG   ,9.114258,-1.972266
DEBUG   ,10.543945,-0.896484
DEBUG   ,10.543945,-0.896484
DEBUG   ,10.543945,-0.896484
DEBUG   ,10.543945,-0.896484
DEBUG   ,10.543945,-0.896484
DEBUG   ,10.543945,-0.896484
DEBUG   ,10.543945,-0.896484
DEBUG   ,10.543945,-0.896484
DEBUG   ,10.543945,-0.896484
DEBUG   ,10.543945,-0.896484
DEBUG   ,10.543945,-0.896484
DEBUG   ,10.543945,-0.896484
DEBUG   ,10.543945,-0.896484
DEBUG   ,10.543945,-0.896484
DEBUG   ,10.543945,-0.896484
DEBUG   ,10.543945,-0.896484
DEBUG   ,10.543945,-0.896484
DEBUG   ,10.543945,-0.896484
DEBUG   ,10.543945,-0.896484
DEBUG   ,10.543945,-0.896484
DEBUG   ,8.041992,-3.406641
DEBUG   ,8.041992,-3.406641
DEBUG   ,12.152344,-5.378906
DEBUG   ,12.152344,-5.378906
DEBUG   ,12.152344,-5.378906
DEBUG   ,12.152344,-5.378906
DEBUG   ,12.152344,-5.378906
DEBUG   ,12.152344,-5.378906
DEBUG   ,12.152344,-5.378906
DEBUG   ,12.152344,-5.378906
DEBUG   ,12.152344,-5.378906
DEBUG   ,12.152344,-5.378906
DEBUG   ,10.365234,-6.096094
DEBUG   ,10.365234,-6.096094
DEBUG   ,10.365234,-6.096094
DEBUG   ,5.718750,-6.454687
DEBUG   ,5.718750,-6.454687
DEBUG   ,2.144531,-4.661719
DEBUG   ,2.144531,-4.661719
DEBUG   ,2.144531,-4.661719
DEBUG   ,2.144531,-4.661719
DEBUG   ,2.144531,-4.661719
DEBUG   ,2.144531,-4.661719
DEBUG   ,5.540039,-3.406641
DEBUG   ,5.540039,-3.406641
DEBUG   ,6.791016,-6.454687
DEBUG   ,6.791016,-6.454687
DEBUG   ,6.433594,-5.020313
DEBUG   ,6.433594,-5.020313
DEBUG   ,5.718750,-3.585938
DEBUG   ,5.718750,-3.585938
DEBUG   ,5.718750,-3.585938
DEBUG   ,5.718750,-3.585938
DEBUG   ,6.791016,-2.868750
DEBUG   ,6.791016,-2.868750
DEBUG   ,4.825195,-3.765234
DEBUG   ,4.825195,-3.765234
DEBUG   ,4.289062,-3.227344
DEBUG   ,4.289062,-3.227344
DEBUG   ,4.289062,-3.227344
DEBUG   ,4.289062,-3.227344
DEBUG   ,4.289062,-3.227344
DEBUG   ,4.289062,-3.227344
DEBUG   ,4.289062,-3.227344
DEBUG   ,4.289062,-3.227344
DEBUG   ,4.289062,-3.227344
DEBUG   ,4.289062,-3.227344
DEBUG   ,4.646484,-5.737500
DEBUG   ,4.646484,-5.737500
DEBUG   ,7.327148,-5.199609
DEBUG   ,7.327148,-5.199609
DEBUG   ,5.718750,-6.454687
DEBUG   ,5.718750,-6.454687
DEBUG   ,5.718750,-6.454687
DEBUG   ,6.969727,-5.916797
DEBUG   ,6.969727,-5.916797
DEBUG   ,6.969727,-5.916797
DEBUG   ,6.969727,-5.916797
DEBUG   ,6.969727,-5.916797
DEBUG   ,6.969727,-5.916797
DEBUG   ,5.361328,-5.020313
DEBUG   ,5.361328,-5.020313
DEBUG   ,4.646484,-5.737500
DEBUG   ,4.646484,-5.737500
DEBUG   ,5.003906,-3.944531
DEBUG   ,5.003906,-3.944531
DEBUG   ,3.395508,-4.123828
DEBUG   ,3.395508,-4.123828
DEBUG   ,3.395508,-4.123828
DEBUG   ,3.395508,-4.123828
DEBUG   ,3.395508,-4.123828
DEBUG   ,3.395508,-4.123828
DEBUG   ,6.076172,-3.585938
DEBUG   ,6.076172,-3.585938
DEBUG   ,7.505859,-5.737500
DEBUG   ,7.505859,-5.737500
DEBUG   ,6.969727,-8.068359
DEBUG   ,6.969727,-8.068359
DEBUG   ,6.969727,-8.068359
DEBUG   ,6.969727,-8.068359
DEBUG   ,8.399414,-4.841016
DEBUG   ,8.399414,-4.841016
DEBUG   ,7.863281,-3.585938
DEBUG   ,7.863281,-3.585938
DEBUG   ,5.897461,-3.406641
DEBUG   ,5.897461,-3.406641
DEBUG   ,5.718750,-2.868750
DEBUG   ,5.718750,-2.868750
DEBUG   ,6.254883,-2.330859
DEBUG   ,6.254883,-2.330859
DEBUG   ,4.110352,-4.123828
DEBUG   ,4.110352,-4.123828
DEBUG   ,4.110352,-4.123828
DEBUG   ,4.110352,-4.123828
DEBUG   ,4.110352,-4.123828
DEBUG   ,4.110352,-4.123828
DEBUG   ,4.110352,-4.123828
DEBUG   ,4.110352,-4.123828
DEBUG   ,4.110352,-4.123828
DEBUG   ,4.110352,-4.123828
DEBUG   ,5.897461,-5.199609
DEBUG   ,5.897461,-5.199609
DEBUG   ,5.897461,-5.199609
DEBUG   ,5.897461,-5.199609
DEBUG   ,5.897461,-5.199609
DEBUG   ,5.897461,-5.199609
DEBUG   ,1.429688,-4.661719
DEBUG   ,1.429688,-4.661719
DEBUG   ,1.429688,-4.661719
DEBUG   ,1.429688,-4.661719
DEBUG   ,1.429688,-4.661719
DEBUG   ,1.429688,-4.661719
DEBUG   ,1.429688,-4.661719
DEBUG   ,1.429688,-4.661719
DEBUG   ,1.429688,-4.661719
DEBUG   ,1.429688,-4.661719
DEBUG   ,6.969727,-6.633984
DEBUG   ,6.969727,-6.633984
